Student_ID,Name,Class,Maths,Science,English,Total_marks,Percentage
1,Usato,A,78,89.0,89,256.0,85.33333333333334
2,Iruma,A,96,91.0,74,261.0,87.0
3,Kunon,B,80,84.0,69,233.0,77.66666666666666
4,Ichigo,A,69,67.0,84,220.0,73.33333333333333
5,Rick,B,92,86.0,91,269.0,89.66666666666666
6,Giyu,B,84,95.0,93,272.0,90.66666666666666
7,Polka,C,71,86.0,62,219.0,73.0
8,Remuru,B,82,90.0,73,245.0,81.66666666666667
